Year,Indicator Name,Value
2023,Firms with female top manager (% of firms),21.7
2019,Firms with female top manager (% of firms),32.9
2013,Firms with female top manager (% of firms),30.9
2009,Firms with female top manager (% of firms),23
2023,Firms with female participation in ownership (% of firms),34.3
2019,Firms with female participation in ownership (% of firms),45
2013,Firms with female participation in ownership (% of firms),51.2
2009,Firms with female participation in ownership (% of firms),60.4
2005,Firms with female participation in ownership (% of firms),26.3
2021,"School enrollment, primary (gross), gender parity index (GPI)",0.995109975337982
2020,"School enrollment, primary (gross), gender parity index (GPI)",0.996349990367889
2019,"School enrollment, primary (gross), gender parity index (GPI)",0.987770020961761
2018,"School enrollment, primary (gross), gender parity index (GPI)",0.993480026721954
2017,"School enrollment, primary (gross), gender parity index (GPI)",0.992089986801147
2016,"School enrollment, primary (gross), gender parity index (GPI)",0.989870011806488
2015,"School enrollment, primary (gross), gender parity index (GPI)",0.992709994316101
2014,"School enrollment, primary (gross), gender parity index (GPI)",0.990540027618408
2013,"School enrollment, primary (gross), gender parity index (GPI)",0.988600015640259
2012,"School enrollment, primary (gross), gender parity index (GPI)",0.98743999004364
2011,"School enrollment, primary (gross), gender parity index (GPI)",0.991089999675751
2010,"School enrollment, primary (gross), gender parity index (GPI)",0.992169976234436
2009,"School enrollment, primary (gross), gender parity index (GPI)",0.997659981250763
2008,"School enrollment, primary (gross), gender parity index (GPI)",0.992259979248047
2007,"School enrollment, primary (gross), gender parity index (GPI)",0.988990008831024
2006,"School enrollment, primary (gross), gender parity index (GPI)",0.985069990158081
2005,"School enrollment, primary (gross), gender parity index (GPI)",0.984130024909973
2004,"School enrollment, primary (gross), gender parity index (GPI)",0.993300020694733
2003,"School enrollment, primary (gross), gender parity index (GPI)",0.989260017871857
2002,"School enrollment, primary (gross), gender parity index (GPI)",0.982089996337891
2001,"School enrollment, primary (gross), gender parity index (GPI)",0.980220019817352
2000,"School enrollment, primary (gross), gender parity index (GPI)",0.986630022525787
2023,"School enrollment, tertiary (gross), gender parity index (GPI)",1.18316316604614
2022,"School enrollment, tertiary (gross), gender parity index (GPI)",1.14191484451294
2021,"School enrollment, tertiary (gross), gender parity index (GPI)",1.17817723751068
2020,"School enrollment, tertiary (gross), gender parity index (GPI)",1.18435859680176
2019,"School enrollment, tertiary (gross), gender parity index (GPI)",1.19767963886261
2018,"School enrollment, tertiary (gross), gender parity index (GPI)",1.21717500686646
2017,"School enrollment, tertiary (gross), gender parity index (GPI)",1.18181383609772
2016,"School enrollment, tertiary (gross), gender parity index (GPI)",1.206414103508
2015,"School enrollment, tertiary (gross), gender parity index (GPI)",1.22688567638397
2014,"School enrollment, tertiary (gross), gender parity index (GPI)",1.22955071926117
2013,"School enrollment, tertiary (gross), gender parity index (GPI)",1.22489237785339
2012,"School enrollment, tertiary (gross), gender parity index (GPI)",1.20927250385284
2011,"School enrollment, tertiary (gross), gender parity index (GPI)",1.19132816791534
2010,"School enrollment, tertiary (gross), gender parity index (GPI)",1.21578085422516
2009,"School enrollment, tertiary (gross), gender parity index (GPI)",1.22790002822876
2008,"School enrollment, tertiary (gross), gender parity index (GPI)",1.22950005531311
2007,"School enrollment, tertiary (gross), gender parity index (GPI)",1.177610039711
2006,"School enrollment, tertiary (gross), gender parity index (GPI)",1.16539001464844
2005,"School enrollment, tertiary (gross), gender parity index (GPI)",1.1567599773407
2004,"School enrollment, tertiary (gross), gender parity index (GPI)",1.11634004116058
2003,"School enrollment, tertiary (gross), gender parity index (GPI)",1.12207996845245
2002,"School enrollment, tertiary (gross), gender parity index (GPI)",1.08987998962402
2001,"School enrollment, tertiary (gross), gender parity index (GPI)",1.00820004940033
2000,"School enrollment, tertiary (gross), gender parity index (GPI)",0.983319997787476
2021,"School enrollment, preprimary, female (% gross)",38.7095718383789
2020,"School enrollment, preprimary, female (% gross)",40.898811340332
2019,"School enrollment, preprimary, female (% gross)",40.0090713500977
2018,"School enrollment, preprimary, female (% gross)",39.7328910827637
2017,"School enrollment, preprimary, female (% gross)",38.8076515197754
2016,"School enrollment, preprimary, female (% gross)",30.8283100128174
2015,"School enrollment, preprimary, female (% gross)",27.9727802276611
2014,"School enrollment, preprimary, female (% gross)",25.529670715332
2013,"School enrollment, preprimary, female (% gross)",26.6108303070068
2012,"School enrollment, preprimary, female (% gross)",24.3337593078613
2011,"School enrollment, preprimary, female (% gross)",20.3186702728271
2010,"School enrollment, preprimary, female (% gross)",18.9899597167969
2009,"School enrollment, preprimary, female (% gross)",18.3767395019531
2008,"School enrollment, preprimary, female (% gross)",17.6770305633545
2007,"School enrollment, preprimary, female (% gross)",16.6654205322266
2006,"School enrollment, preprimary, female (% gross)",14.9631700515747
2005,"School enrollment, preprimary, female (% gross)",13.4371299743652
2004,"School enrollment, preprimary, female (% gross)",12.0026397705078
2003,"School enrollment, preprimary, female (% gross)",11.0387296676636
2002,"School enrollment, preprimary, female (% gross)",10.5653295516968
2001,"School enrollment, preprimary, female (% gross)",10.3302097320557
2000,"School enrollment, preprimary, female (% gross)",9.86060047149658
2023,"Primary completion rate, female (% of relevant age group)",92.2908325195312
2022,"Primary completion rate, female (% of relevant age group)",93.6548156738281
2021,"Primary completion rate, female (% of relevant age group)",95.8569869995117
2020,"Primary completion rate, female (% of relevant age group)",100.377372741699
2019,"Primary completion rate, female (% of relevant age group)",100.60376739502
2018,"Primary completion rate, female (% of relevant age group)",98.1222152709961
2017,"Primary completion rate, female (% of relevant age group)",96.1550064086914
2016,"Primary completion rate, female (% of relevant age group)",98.0748672485352
2015,"Primary completion rate, female (% of relevant age group)",102.424827575684
2014,"Primary completion rate, female (% of relevant age group)",97.8817596435547
2013,"Primary completion rate, female (% of relevant age group)",96.0038070678711
2012,"Primary completion rate, female (% of relevant age group)",94.4852447509766
2011,"Primary completion rate, female (% of relevant age group)",95.217658996582
2010,"Primary completion rate, female (% of relevant age group)",95.8242111206055
2009,"Primary completion rate, female (% of relevant age group)",97.3147506713867
2008,"Primary completion rate, female (% of relevant age group)",94.4751434326172
2007,"Primary completion rate, female (% of relevant age group)",93.6884536743164
2006,"Primary completion rate, female (% of relevant age group)",96.6972885131836
2005,"Primary completion rate, female (% of relevant age group)",97.1279373168945
2004,"Primary completion rate, female (% of relevant age group)",91.7661285400391
2003,"Primary completion rate, female (% of relevant age group)",86.1999130249023
2002,"Primary completion rate, female (% of relevant age group)",87.2783432006836
2001,"Primary completion rate, female (% of relevant age group)",87.1970062255859
2000,"Primary completion rate, female (% of relevant age group)",87.9374694824219
1999,"Primary completion rate, female (% of relevant age group)",87.3742980957031
2018,"Educational attainment, at least completed primary, population 25+ years, female (%) (cumulative)",98.5526504516602
2017,"Educational attainment, at least completed primary, population 25+ years, female (%) (cumulative)",100
2016,"Educational attainment, at least completed primary, population 25+ years, female (%) (cumulative)",100
2015,"Educational attainment, at least completed primary, population 25+ years, female (%) (cumulative)",100
2014,"Educational attainment, at least completed primary, population 25+ years, female (%) (cumulative)",100
2009,"Educational attainment, at least completed primary, population 25+ years, female (%) (cumulative)",97.2600021362305
1999,"Educational attainment, at least completed primary, population 25+ years, female (%) (cumulative)",95.0999984741211
2023,"School enrollment, primary, female (% gross)",95.6500943664521
2022,"School enrollment, primary, female (% gross)",93.5147582713895
2021,"School enrollment, primary, female (% gross)",94.6156772571028
2020,"School enrollment, primary, female (% gross)",96.2973043705836
2019,"School enrollment, primary, female (% gross)",98.1535339623747
2018,"School enrollment, primary, female (% gross)",99.8428591886735
2017,"School enrollment, primary, female (% gross)",100.081066474509
2016,"School enrollment, primary, female (% gross)",99.0893595666995
2015,"School enrollment, primary, female (% gross)",99.7438137353858
2014,"School enrollment, primary, female (% gross)",100.145905440054
2013,"School enrollment, primary, female (% gross)",99.7811848255584
2012,"School enrollment, primary, female (% gross)",98.7400401146418
2011,"School enrollment, primary, female (% gross)",97.1062550937245
2010,"School enrollment, primary, female (% gross)",97.2430054404965
2009,"School enrollment, primary, female (% gross)",97.3009796142578
2008,"School enrollment, primary, female (% gross)",97.3305969238281
2007,"School enrollment, primary, female (% gross)",96.3447799682617
2006,"School enrollment, primary, female (% gross)",96.6877822875977
2005,"School enrollment, primary, female (% gross)",96.2034378051758
2004,"School enrollment, primary, female (% gross)",95.9904632568359
2003,"School enrollment, primary, female (% gross)",94.049201965332
2002,"School enrollment, primary, female (% gross)",92.4512405395508
2001,"School enrollment, primary, female (% gross)",90.9734497070312
2000,"School enrollment, primary, female (% gross)",90.8570709228516
1999,"School enrollment, primary, female (% gross)",90.880012512207
1998,"School enrollment, primary, female (% gross)",88.8571090698242
1997,"School enrollment, primary, female (% gross)",90.387939453125
1996,"School enrollment, primary, female (% gross)",91.7646102905273
1995,"School enrollment, primary, female (% gross)",102.615463256836
1994,"School enrollment, primary, female (% gross)",104.570999145508
1993,"School enrollment, primary, female (% gross)",104.51602935791
1992,"School enrollment, primary, female (% gross)",106.211067199707
1990,"School enrollment, primary, female (% gross)",109.473823547363
1989,"School enrollment, primary, female (% gross)",112.673057556152
1986,"School enrollment, primary, female (% gross)",117.219673156738
1981,"School enrollment, primary, female (% gross)",110.455307006836
2018,"Gross intake ratio in first grade of primary education, female (% of relevant age group)",105.47514
2017,"Gross intake ratio in first grade of primary education, female (% of relevant age group)",111.38796
2016,"Gross intake ratio in first grade of primary education, female (% of relevant age group)",107.33332
2015,"Gross intake ratio in first grade of primary education, female (% of relevant age group)",105.84701
2014,"Gross intake ratio in first grade of primary education, female (% of relevant age group)",104.45291
2013,"Gross intake ratio in first grade of primary education, female (% of relevant age group)",105.91441
2012,"Gross intake ratio in first grade of primary education, female (% of relevant age group)",110.81877
2011,"Gross intake ratio in first grade of primary education, female (% of relevant age group)",103.83629
2010,"Gross intake ratio in first grade of primary education, female (% of relevant age group)",103.81505
2009,"Gross intake ratio in first grade of primary education, female (% of relevant age group)",100.20316
2008,"Gross intake ratio in first grade of primary education, female (% of relevant age group)",100.91843
2007,"Gross intake ratio in first grade of primary education, female (% of relevant age group)",101.31568
2006,"Gross intake ratio in first grade of primary education, female (% of relevant age group)",101.3546
2005,"Gross intake ratio in first grade of primary education, female (% of relevant age group)",95.66627
2004,"Gross intake ratio in first grade of primary education, female (% of relevant age group)",97.43249
2003,"Gross intake ratio in first grade of primary education, female (% of relevant age group)",101.85292
2002,"Gross intake ratio in first grade of primary education, female (% of relevant age group)",101.07758
2001,"Gross intake ratio in first grade of primary education, female (% of relevant age group)",97.6415
2000,"Gross intake ratio in first grade of primary education, female (% of relevant age group)",96.68131
1999,"Gross intake ratio in first grade of primary education, female (% of relevant age group)",100.06546
1998,"Gross intake ratio in first grade of primary education, female (% of relevant age group)",96.24946
1997,"Gross intake ratio in first grade of primary education, female (% of relevant age group)",97.16958
1996,"Gross intake ratio in first grade of primary education, female (% of relevant age group)",99.52537
1995,"Gross intake ratio in first grade of primary education, female (% of relevant age group)",103.72465
2012,"School enrollment, primary, female (% net)",88.83152
2011,"School enrollment, primary, female (% net)",86.75932
2010,"School enrollment, primary, female (% net)",86.74847
2009,"School enrollment, primary, female (% net)",86.50296
2008,"School enrollment, primary, female (% net)",86.94104
2007,"School enrollment, primary, female (% net)",86.9696
2006,"School enrollment, primary, female (% net)",88.07169
2005,"School enrollment, primary, female (% net)",87.13952
2004,"School enrollment, primary, female (% net)",89.74189
2003,"School enrollment, primary, female (% net)",84.72572
2002,"School enrollment, primary, female (% net)",85.59525
2001,"School enrollment, primary, female (% net)",85.77534
2000,"School enrollment, primary, female (% net)",85.59688
1999,"School enrollment, primary, female (% net)",86.56954
1996,"School enrollment, primary, female (% net)",90.45844
2020,"Persistence to last grade of primary, female (% of cohort)",97.837890625
2019,"Persistence to last grade of primary, female (% of cohort)",98.6290969848633
2018,"Persistence to last grade of primary, female (% of cohort)",97.7742767333984
2017,"Persistence to last grade of primary, female (% of cohort)",98.6043930053711
2016,"Persistence to last grade of primary, female (% of cohort)",97.7878799438477
2015,"Persistence to last grade of primary, female (% of cohort)",98.0775985717773
2014,"Persistence to last grade of primary, female (% of cohort)",96.9496307373047
2013,"Persistence to last grade of primary, female (% of cohort)",99.6566696166992
2012,"Persistence to last grade of primary, female (% of cohort)",98.3402404785156
2011,"Persistence to last grade of primary, female (% of cohort)",97.432258605957
2010,"Persistence to last grade of primary, female (% of cohort)",95.9432601928711
2009,"Persistence to last grade of primary, female (% of cohort)",97.3176116943359
2008,"Persistence to last grade of primary, female (% of cohort)",96.7289886474609
2007,"Persistence to last grade of primary, female (% of cohort)",98.3857574462891
2006,"Persistence to last grade of primary, female (% of cohort)",96.991943359375
2005,"Persistence to last grade of primary, female (% of cohort)",99.5153579711914
2004,"Persistence to last grade of primary, female (% of cohort)",96.995231628418
2003,"Persistence to last grade of primary, female (% of cohort)",97.560676574707
2002,"Persistence to last grade of primary, female (% of cohort)",94.9440994262695
2001,"Persistence to last grade of primary, female (% of cohort)",92.0831069946289
2000,"Persistence to last grade of primary, female (% of cohort)",92.0437622070312
1999,"Persistence to last grade of primary, female (% of cohort)",93.8833618164062
2018,"Repeaters, primary, female (% of female enrollment)",0.01357
2017,"Repeaters, primary, female (% of female enrollment)",0.02005
2016,"Repeaters, primary, female (% of female enrollment)",0.03012
2015,"Repeaters, primary, female (% of female enrollment)",0.04039
2014,"Repeaters, primary, female (% of female enrollment)",0.02263
2013,"Repeaters, primary, female (% of female enrollment)",0.03426
2012,"Repeaters, primary, female (% of female enrollment)",0.04458
2011,"Repeaters, primary, female (% of female enrollment)",0.05508
2010,"Repeaters, primary, female (% of female enrollment)",0.05616
2009,"Repeaters, primary, female (% of female enrollment)",0.05992
2008,"Repeaters, primary, female (% of female enrollment)",0.07176
2007,"Repeaters, primary, female (% of female enrollment)",0.07291
2006,"Repeaters, primary, female (% of female enrollment)",0.08463
2005,"Repeaters, primary, female (% of female enrollment)",0.0534
2004,"Repeaters, primary, female (% of female enrollment)",0.0611
2003,"Repeaters, primary, female (% of female enrollment)",0.08694
2002,"Repeaters, primary, female (% of female enrollment)",0.10145
2001,"Repeaters, primary, female (% of female enrollment)",0.15645
2000,"Repeaters, primary, female (% of female enrollment)",0.17021
1999,"Repeaters, primary, female (% of female enrollment)",0.21858
2023,"Trained teachers in primary education, female (% of female teachers)",95.9499969482422
2022,"Trained teachers in primary education, female (% of female teachers)",96.5727767944336
2021,"Trained teachers in primary education, female (% of female teachers)",96.7322845458984
2020,"Trained teachers in primary education, female (% of female teachers)",96.3375244140625
2019,"Trained teachers in primary education, female (% of female teachers)",96.4602584838867
2018,"Trained teachers in primary education, female (% of female teachers)",96.0222625732422
2017,"Trained teachers in primary education, female (% of female teachers)",95.4359588623047
2016,"Trained teachers in primary education, female (% of female teachers)",97.2403869628906
2015,"Trained teachers in primary education, female (% of female teachers)",92.7835083007812
2014,"Trained teachers in primary education, female (% of female teachers)",93.0293197631836
2013,"Trained teachers in primary education, female (% of female teachers)",92.1425170898438
2012,"Trained teachers in primary education, female (% of female teachers)",71.9581832885742
2011,"Trained teachers in primary education, female (% of female teachers)",69.6449508666992
2010,"Trained teachers in primary education, female (% of female teachers)",68.4123458862305
2009,"Trained teachers in primary education, female (% of female teachers)",65.7413787841797
2008,"Trained teachers in primary education, female (% of female teachers)",64.3769378662109
2007,"Trained teachers in primary education, female (% of female teachers)",62.359619140625
2006,"Trained teachers in primary education, female (% of female teachers)",61.2585906982422
2005,"Trained teachers in primary education, female (% of female teachers)",57.9583702087402
2004,"Trained teachers in primary education, female (% of female teachers)",54.8176307678223
2003,"Trained teachers in primary education, female (% of female teachers)",52.0051689147949
2023,"Primary education, teachers (% female)",98.7029882519909
2022,"Primary education, teachers (% female)",98.6451030151834
2021,"Primary education, teachers (% female)",98.6746045541457
2020,"Primary education, teachers (% female)",98.7818787353438
2019,"Primary education, teachers (% female)",98.6222304971141
2018,"Primary education, teachers (% female)",98.5203743972771
2017,"Primary education, teachers (% female)",98.4932869219294
2016,"Primary education, teachers (% female)",96.1427810335642
2015,"Primary education, teachers (% female)",98.5429002670382
2014,"Primary education, teachers (% female)",98.311499272198
2013,"Primary education, teachers (% female)",98.477038425492
2012,"Primary education, teachers (% female)",98.1366825874167
2011,"Primary education, teachers (% female)",98.0052259256899
2010,"Primary education, teachers (% female)",97.6754304182982
2009,"Primary education, teachers (% female)",97.4957122802734
2008,"Primary education, teachers (% female)",97.615592956543
2007,"Primary education, teachers (% female)",97.3846893310547
2006,"Primary education, teachers (% female)",96.6087417602539
2005,"Primary education, teachers (% female)",95.6455535888672
2004,"Primary education, teachers (% female)",95.9707794189453
2003,"Primary education, teachers (% female)",96.7511978149414
2002,"Primary education, teachers (% female)",96.8610763549805
2001,"Primary education, teachers (% female)",95.1179275512695
2000,"Primary education, teachers (% female)",94.3113479614258
1999,"Primary education, teachers (% female)",95.154411315918
1996,"Primary education, teachers (% female)",83.2599868774414
1991,"Primary education, teachers (% female)",91.152961730957
1986,"Primary education, teachers (% female)",81.5642471313477
1981,"Primary education, teachers (% female)",88.1818237304688
2012,"Adjusted net enrollment rate, primary, female (% of primary school age children)",97.04948
2011,"Adjusted net enrollment rate, primary, female (% of primary school age children)",94.82667
2010,"Adjusted net enrollment rate, primary, female (% of primary school age children)",95.00208
2009,"Adjusted net enrollment rate, primary, female (% of primary school age children)",94.62188
2008,"Adjusted net enrollment rate, primary, female (% of primary school age children)",95.11345
2007,"Adjusted net enrollment rate, primary, female (% of primary school age children)",95.6427
2006,"Adjusted net enrollment rate, primary, female (% of primary school age children)",96.50473
2005,"Adjusted net enrollment rate, primary, female (% of primary school age children)",95.52274
2004,"Adjusted net enrollment rate, primary, female (% of primary school age children)",98.03226
2003,"Adjusted net enrollment rate, primary, female (% of primary school age children)",92.91177
2002,"Adjusted net enrollment rate, primary, female (% of primary school age children)",93.06596
2001,"Adjusted net enrollment rate, primary, female (% of primary school age children)",93.10586
2000,"Adjusted net enrollment rate, primary, female (% of primary school age children)",92.67304
1999,"Adjusted net enrollment rate, primary, female (% of primary school age children)",93.30339
1996,"Adjusted net enrollment rate, primary, female (% of primary school age children)",90.45844
2023,"Children out of school, primary, female",3648
2022,"Children out of school, primary, female",20476
2021,"Children out of school, primary, female",17084
2020,"Children out of school, primary, female",14656
2019,"Children out of school, primary, female",9401
2018,"Children out of school, primary, female",5810
2017,"Children out of school, primary, female",8012
2016,"Children out of school, primary, female",7625
2015,"Children out of school, primary, female",7427
2014,"Children out of school, primary, female",6781
2013,"Children out of school, primary, female",8724
2012,"Children out of school, primary, female",10958
2011,"Children out of school, primary, female",12473
2010,"Children out of school, primary, female",11672
2009,"Children out of school, primary, female",12196
2008,"Children out of school, primary, female",11288
2007,"Children out of school, primary, female",11646
2006,"Children out of school, primary, female",11664
2005,"Children out of school, primary, female",12424
2004,"Children out of school, primary, female",6465
2003,"Children out of school, primary, female",19644
2002,"Children out of school, primary, female",21195
2001,"Children out of school, primary, female",25111
2000,"Children out of school, primary, female",27970
1999,"Children out of school, primary, female",27533
1996,"Children out of school, primary, female",43310
2018,"Secondary education, vocational pupils (% female)",41.02907
2017,"Secondary education, vocational pupils (% female)",41.10403
2016,"Secondary education, vocational pupils (% female)",41.84187
2015,"Secondary education, vocational pupils (% female)",45.71791
2014,"Secondary education, vocational pupils (% female)",45.40991
2013,"Secondary education, vocational pupils (% female)",46.37529
2012,"Secondary education, vocational pupils (% female)",44.47759
2011,"Secondary education, vocational pupils (% female)",43.6979
2010,"Secondary education, vocational pupils (% female)",41.92167
2009,"Secondary education, vocational pupils (% female)",58.28997
2007,"Secondary education, vocational pupils (% female)",32.6239
2006,"Secondary education, vocational pupils (% female)",35.31076
2005,"Secondary education, vocational pupils (% female)",36.22766
2004,"Secondary education, vocational pupils (% female)",35.04585
2003,"Secondary education, vocational pupils (% female)",35.64608
2002,"Secondary education, vocational pupils (% female)",36.06532
2001,"Secondary education, vocational pupils (% female)",35.92555
2000,"Secondary education, vocational pupils (% female)",35.52056
1999,"Secondary education, vocational pupils (% female)",35.56873
1992,"Secondary education, vocational pupils (% female)",49.89858
1991,"Secondary education, vocational pupils (% female)",49.90099
1990,"Secondary education, vocational pupils (% female)",49.90758
1989,"Secondary education, vocational pupils (% female)",49.92076
1986,"Secondary education, vocational pupils (% female)",49.92343
1981,"Secondary education, vocational pupils (% female)",50
2023,"School enrollment, secondary, female (% gross)",92.562405974398
2022,"School enrollment, secondary, female (% gross)",93.8095507899185
2021,"School enrollment, secondary, female (% gross)",94.0567547349282
2020,"School enrollment, secondary, female (% gross)",92.3671003453415
2019,"School enrollment, secondary, female (% gross)",91.5752426664381
2018,"School enrollment, secondary, female (% gross)",91.2969744432556
2017,"School enrollment, secondary, female (% gross)",90.7237406923176
2016,"School enrollment, secondary, female (% gross)",91.3674528381789
2015,"School enrollment, secondary, female (% gross)",89.6467155097479
2014,"School enrollment, secondary, female (% gross)",89.1730534034272
2013,"School enrollment, secondary, female (% gross)",87.3235368648213
2012,"School enrollment, secondary, female (% gross)",86.774922195228
2011,"School enrollment, secondary, female (% gross)",86.8224573703687
2010,"School enrollment, secondary, female (% gross)",86.2729118050529
2009,"School enrollment, secondary, female (% gross)",87.0354919433594
2007,"School enrollment, secondary, female (% gross)",82.9278793334961
2006,"School enrollment, secondary, female (% gross)",82.4066925048828
2005,"School enrollment, secondary, female (% gross)",81.303352355957
2004,"School enrollment, secondary, female (% gross)",82.0403213500977
2003,"School enrollment, secondary, female (% gross)",83.2154006958008
2002,"School enrollment, secondary, female (% gross)",78.3371963500977
2001,"School enrollment, secondary, female (% gross)",79.4684524536133
2000,"School enrollment, secondary, female (% gross)",80.0821762084961
1999,"School enrollment, secondary, female (% gross)",79.3640365600586
1992,"School enrollment, secondary, female (% gross)",98.9561996459961
1991,"School enrollment, secondary, female (% gross)",100.996078491211
1990,"School enrollment, secondary, female (% gross)",101.483413696289
1989,"School enrollment, secondary, female (% gross)",98.8630676269531
1986,"School enrollment, secondary, female (% gross)",104.387397766113
1981,"School enrollment, secondary, female (% gross)",105.917663574219
2018,"School enrollment, secondary, female (% net)",84.12084
2017,"School enrollment, secondary, female (% net)",82.93139
2016,"School enrollment, secondary, female (% net)",82.12617
2015,"School enrollment, secondary, female (% net)",80.74089
2014,"School enrollment, secondary, female (% net)",80.19315
2007,"School enrollment, secondary, female (% net)",80.67316
2006,"School enrollment, secondary, female (% net)",80.86449
2005,"School enrollment, secondary, female (% net)",80.81334
2004,"School enrollment, secondary, female (% net)",82.63853
2017,"Progression to secondary school, female (%)",99.77121
2016,"Progression to secondary school, female (%)",99.58184
2015,"Progression to secondary school, female (%)",99.42786
2014,"Progression to secondary school, female (%)",98.91794
2013,"Progression to secondary school, female (%)",100
2012,"Progression to secondary school, female (%)",99.81496
2011,"Progression to secondary school, female (%)",98.68703
2010,"Progression to secondary school, female (%)",98.29375
2009,"Progression to secondary school, female (%)",98.81506
2008,"Progression to secondary school, female (%)",99.66684
2007,"Progression to secondary school, female (%)",99.70188
2006,"Progression to secondary school, female (%)",99.35514
2005,"Progression to secondary school, female (%)",99.92417
2004,"Progression to secondary school, female (%)",100
2003,"Progression to secondary school, female (%)",100
2002,"Progression to secondary school, female (%)",100
2001,"Progression to secondary school, female (%)",99.27187
2000,"Progression to secondary school, female (%)",97.12522
2022,"Secondary education, teachers (% female)",78.254349130174
2021,"Secondary education, teachers (% female)",77.7715511720251
2020,"Secondary education, teachers (% female)",77.3786050863884
2019,"Secondary education, teachers (% female)",77.128642979596
2018,"Secondary education, teachers (% female)",76.8795332702617
2017,"Secondary education, teachers (% female)",76.5037950664137
2016,"Secondary education, teachers (% female)",76.4686547540788
2015,"Secondary education, teachers (% female)",76.3692824171213
2014,"Secondary education, teachers (% female)",82.2782396460987
2013,"Secondary education, teachers (% female)",81.2794296970266
2012,"Secondary education, teachers (% female)",81.5094696969697
2011,"Secondary education, teachers (% female)",80.972154887123
2009,"Secondary education, teachers (% female)",81.432502746582
2008,"Secondary education, teachers (% female)",74.9557037353516
2007,"Secondary education, teachers (% female)",74.4459609985352
2006,"Secondary education, teachers (% female)",72.9577713012695
2005,"Secondary education, teachers (% female)",72.4987869262695
2004,"Secondary education, teachers (% female)",72.3545989990234
2003,"Secondary education, teachers (% female)",70.7966995239258
2002,"Secondary education, teachers (% female)",70.1308288574219
2001,"Secondary education, teachers (% female)",68.5083084106445
2000,"Secondary education, teachers (% female)",68.8491821289062
1999,"Secondary education, teachers (% female)",67.8359909057617
1995,"Secondary education, teachers (% female)",66.9174880981445
1994,"Secondary education, teachers (% female)",63.6956481933594
1993,"Secondary education, teachers (% female)",60.9856300354004
1992,"Secondary education, teachers (% female)",61.4432983398438
2018,"Educational attainment, at least completed short-cycle tertiary, population 25+, female (%) (cumulative)",24.0184745788574
2017,"Educational attainment, at least completed short-cycle tertiary, population 25+, female (%) (cumulative)",21.5812911987305
2016,"Educational attainment, at least completed short-cycle tertiary, population 25+, female (%) (cumulative)",22.6581039428711
2015,"Educational attainment, at least completed short-cycle tertiary, population 25+, female (%) (cumulative)",22.5427169799805
2014,"Educational attainment, at least completed short-cycle tertiary, population 25+, female (%) (cumulative)",21.4717483520508
2009,"Educational attainment, at least completed short-cycle tertiary, population 25+, female (%) (cumulative)",18.7900009155273
1999,"Educational attainment, at least completed short-cycle tertiary, population 25+, female (%) (cumulative)",15.0299997329712
2018,"Educational attainment, at least completed short-cycle tertiary, population 25+, male (%) (cumulative)",21.5709743499756
2017,"Educational attainment, at least completed short-cycle tertiary, population 25+, male (%) (cumulative)",18.9777278900146
2016,"Educational attainment, at least completed short-cycle tertiary, population 25+, male (%) (cumulative)",19.0669002532959
2015,"Educational attainment, at least completed short-cycle tertiary, population 25+, male (%) (cumulative)",18.572135925293
2014,"Educational attainment, at least completed short-cycle tertiary, population 25+, male (%) (cumulative)",18.7107410430908
2009,"Educational attainment, at least completed short-cycle tertiary, population 25+, male (%) (cumulative)",16.3799991607666
1999,"Educational attainment, at least completed short-cycle tertiary, population 25+, male (%) (cumulative)",14.710000038147
2018,"Educational attainment, at least completed short-cycle tertiary, population 25+, total (%) (cumulative)",22.8421211242676
2017,"Educational attainment, at least completed short-cycle tertiary, population 25+, total (%) (cumulative)",20.3298149108887
2016,"Educational attainment, at least completed short-cycle tertiary, population 25+, total (%) (cumulative)",20.9337825775146
2015,"Educational attainment, at least completed short-cycle tertiary, population 25+, total (%) (cumulative)",20.6383514404297
2014,"Educational attainment, at least completed short-cycle tertiary, population 25+, total (%) (cumulative)",20.1482944488525
2009,"Educational attainment, at least completed short-cycle tertiary, population 25+, total (%) (cumulative)",17.6200008392334
1999,"Educational attainment, at least completed short-cycle tertiary, population 25+, total (%) (cumulative)",14.8699998855591
2023,"School enrollment, tertiary, female (% gross)",61.7001991271973
2022,"School enrollment, tertiary, female (% gross)",60.2186698913574
2021,"School enrollment, tertiary, female (% gross)",57.7037010192871
2020,"School enrollment, tertiary, female (% gross)",50.6321449279785
2019,"School enrollment, tertiary, female (% gross)",46.1651878356934
2018,"School enrollment, tertiary, female (% gross)",44.8398284912109
2017,"School enrollment, tertiary, female (% gross)",45.462272644043
2016,"School enrollment, tertiary, female (% gross)",48.4721374511719
2015,"School enrollment, tertiary, female (% gross)",50.4789199829102
2014,"School enrollment, tertiary, female (% gross)",49.8588714599609
2013,"School enrollment, tertiary, female (% gross)",52.0601119995117
2012,"School enrollment, tertiary, female (% gross)",48.1196174621582
2011,"School enrollment, tertiary, female (% gross)",45.2834358215332
2010,"School enrollment, tertiary, female (% gross)",46.1251792907715
2009,"School enrollment, tertiary, female (% gross)",47.9522285461426
2008,"School enrollment, tertiary, female (% gross)",49.6925506591797
2007,"School enrollment, tertiary, female (% gross)",43.5931510925293
2006,"School enrollment, tertiary, female (% gross)",43.6125411987305
2005,"School enrollment, tertiary, female (% gross)",42.7300186157227
2004,"School enrollment, tertiary, female (% gross)",40.829948425293
2003,"School enrollment, tertiary, female (% gross)",42.0958099365234
2002,"School enrollment, tertiary, female (% gross)",45.0535583496094
2001,"School enrollment, tertiary, female (% gross)",40.7850189208984
2000,"School enrollment, tertiary, female (% gross)",35.0264205932617
1999,"School enrollment, tertiary, female (% gross)",29.600549697876
1998,"School enrollment, tertiary, female (% gross)",30.2071990966797
1997,"School enrollment, tertiary, female (% gross)",26.5014095306396
1996,"School enrollment, tertiary, female (% gross)",23.9588108062744
1995,"School enrollment, tertiary, female (% gross)",22.6678695678711
1994,"School enrollment, tertiary, female (% gross)",24.0683708190918
1993,"School enrollment, tertiary, female (% gross)",25.4796390533447
2024,Proportion of seats held by women in national parliaments (%),21.1111111111111
2023,Proportion of seats held by women in national parliaments (%),20
2022,Proportion of seats held by women in national parliaments (%),20.4545454545455
2021,Proportion of seats held by women in national parliaments (%),20.4545454545455
2020,Proportion of seats held by women in national parliaments (%),16.5217391304348
2019,Proportion of seats held by women in national parliaments (%),19.1666666666667
2018,Proportion of seats held by women in national parliaments (%),19.1666666666667
2017,Proportion of seats held by women in national parliaments (%),19.1666666666667
2016,Proportion of seats held by women in national parliaments (%),19.1666666666667
2015,Proportion of seats held by women in national parliaments (%),19.1666666666667
2014,Proportion of seats held by women in national parliaments (%),23.3333333333333
2013,Proportion of seats held by women in national parliaments (%),23.3333333333333
2012,Proportion of seats held by women in national parliaments (%),23.3333333333333
2011,Proportion of seats held by women in national parliaments (%),23.3333333333333
2010,Proportion of seats held by women in national parliaments (%),23.3333333333333
2009,Proportion of seats held by women in national parliaments (%),25.5555555555556
2008,Proportion of seats held by women in national parliaments (%),25.5555555555556
2007,Proportion of seats held by women in national parliaments (%),25.5555555555556
2006,Proportion of seats held by women in national parliaments (%),0
2005,Proportion of seats held by women in national parliaments (%),0
2004,Proportion of seats held by women in national parliaments (%),10
2003,Proportion of seats held by women in national parliaments (%),10
2002,Proportion of seats held by women in national parliaments (%),10
2001,Proportion of seats held by women in national parliaments (%),10
2000,Proportion of seats held by women in national parliaments (%),2.32558139534884
1999,Proportion of seats held by women in national parliaments (%),1.42857142857143
1998,Proportion of seats held by women in national parliaments (%),1.42857142857143
1997,Proportion of seats held by women in national parliaments (%),1.42857142857143
2023,Women Business and the Law Index Score (scale 1-100),76.875
2022,Women Business and the Law Index Score (scale 1-100),76.875
2021,Women Business and the Law Index Score (scale 1-100),76.875
2020,Women Business and the Law Index Score (scale 1-100),76.875
2019,Women Business and the Law Index Score (scale 1-100),76.875
2018,Women Business and the Law Index Score (scale 1-100),76.875
2017,Women Business and the Law Index Score (scale 1-100),76.875
2016,Women Business and the Law Index Score (scale 1-100),76.875
2015,Women Business and the Law Index Score (scale 1-100),76.875
2014,Women Business and the Law Index Score (scale 1-100),76.875
2013,Women Business and the Law Index Score (scale 1-100),76.875
2012,Women Business and the Law Index Score (scale 1-100),76.875
2011,Women Business and the Law Index Score (scale 1-100),76.875
2010,Women Business and the Law Index Score (scale 1-100),76.875
2009,Women Business and the Law Index Score (scale 1-100),76.875
2008,Women Business and the Law Index Score (scale 1-100),73.75
2007,Women Business and the Law Index Score (scale 1-100),73.75
2006,Women Business and the Law Index Score (scale 1-100),76.25
2005,Women Business and the Law Index Score (scale 1-100),76.25
2004,Women Business and the Law Index Score (scale 1-100),73.125
2003,Women Business and the Law Index Score (scale 1-100),70
2002,Women Business and the Law Index Score (scale 1-100),61.25
2001,Women Business and the Law Index Score (scale 1-100),61.25
2015,"Proportion of time spent on unpaid domestic and care work, female (% of 24 hour day)",16.80556
2010,"Proportion of time spent on unpaid domestic and care work, female (% of 24 hour day)",18.75
2005,"Proportion of time spent on unpaid domestic and care work, female (% of 24 hour day)",23.75
2000,"Proportion of time spent on unpaid domestic and care work, female (% of 24 hour day)",27.70833
2021,"Prevalence of current tobacco use, females (% of female adults)",3.4
2020,"Prevalence of current tobacco use, females (% of female adults)",3.4
2015,"Prevalence of current tobacco use, females (% of female adults)",3.8
2010,"Prevalence of current tobacco use, females (% of female adults)",4.2
2007,"Prevalence of current tobacco use, females (% of female adults)",4.4
2005,"Prevalence of current tobacco use, females (% of female adults)",4.5
2000,"Prevalence of current tobacco use, females (% of female adults)",5.1
2022,"Prevalence of current tobacco use, males (% of male adults)",51.3
2021,"Prevalence of current tobacco use, males (% of male adults)",51.4
2020,"Prevalence of current tobacco use, males (% of male adults)",51.6
2015,"Prevalence of current tobacco use, males (% of male adults)",52.2
2010,"Prevalence of current tobacco use, males (% of male adults)",53.2
2007,"Prevalence of current tobacco use, males (% of male adults)",54.2
2005,"Prevalence of current tobacco use, males (% of male adults)",54.6
2000,"Prevalence of current tobacco use, males (% of male adults)",56.7
2018,Pregnant women receiving prenatal care (%),99.8
2014,Pregnant women receiving prenatal care (%),98.4
2012,Pregnant women receiving prenatal care (%),97
2006,Pregnant women receiving prenatal care (%),96.9
1997,Pregnant women receiving prenatal care (%),97.3
2020,Births attended by skilled health staff (% of total),100
2018,Births attended by skilled health staff (% of total),99.8
2014,Births attended by skilled health staff (% of total),98.4
2013,Births attended by skilled health staff (% of total),99
2012,Births attended by skilled health staff (% of total),99.1
2011,Births attended by skilled health staff (% of total),98.6
2010,Births attended by skilled health staff (% of total),98.3
2009,Births attended by skilled health staff (% of total),98.5
2008,Births attended by skilled health staff (% of total),98.5
2007,Births attended by skilled health staff (% of total),98.4
2006,Births attended by skilled health staff (% of total),97.6
2005,Births attended by skilled health staff (% of total),97.9
2004,Births attended by skilled health staff (% of total),98.2
2003,Births attended by skilled health staff (% of total),98.9
2002,Births attended by skilled health staff (% of total),98.8
2001,Births attended by skilled health staff (% of total),98.7
2000,Births attended by skilled health staff (% of total),98.6
1999,Births attended by skilled health staff (% of total),98.5
1998,Births attended by skilled health staff (% of total),98.5
1997,Births attended by skilled health staff (% of total),98.1
1996,Births attended by skilled health staff (% of total),98.1
1995,Births attended by skilled health staff (% of total),98
1994,Births attended by skilled health staff (% of total),98.2
1993,Births attended by skilled health staff (% of total),98.3
1992,Births attended by skilled health staff (% of total),98.7
1991,Births attended by skilled health staff (% of total),98.9
1990,Births attended by skilled health staff (% of total),98.9
1989,Births attended by skilled health staff (% of total),98.8
2023,"Maternal mortality ratio (modeled estimate, per 100,000 live births)",42
2022,"Maternal mortality ratio (modeled estimate, per 100,000 live births)",44
2021,"Maternal mortality ratio (modeled estimate, per 100,000 live births)",70
2020,"Maternal mortality ratio (modeled estimate, per 100,000 live births)",55
2019,"Maternal mortality ratio (modeled estimate, per 100,000 live births)",47
2018,"Maternal mortality ratio (modeled estimate, per 100,000 live births)",49
2017,"Maternal mortality ratio (modeled estimate, per 100,000 live births)",49
2016,"Maternal mortality ratio (modeled estimate, per 100,000 live births)",53
2015,"Maternal mortality ratio (modeled estimate, per 100,000 live births)",58
2014,"Maternal mortality ratio (modeled estimate, per 100,000 live births)",62
2013,"Maternal mortality ratio (modeled estimate, per 100,000 live births)",64
2012,"Maternal mortality ratio (modeled estimate, per 100,000 live births)",67
2011,"Maternal mortality ratio (modeled estimate, per 100,000 live births)",70
2010,"Maternal mortality ratio (modeled estimate, per 100,000 live births)",71
2009,"Maternal mortality ratio (modeled estimate, per 100,000 live births)",71
2008,"Maternal mortality ratio (modeled estimate, per 100,000 live births)",73
2007,"Maternal mortality ratio (modeled estimate, per 100,000 live births)",75
2006,"Maternal mortality ratio (modeled estimate, per 100,000 live births)",76
2005,"Maternal mortality ratio (modeled estimate, per 100,000 live births)",74
2004,"Maternal mortality ratio (modeled estimate, per 100,000 live births)",74
2003,"Maternal mortality ratio (modeled estimate, per 100,000 live births)",75
2002,"Maternal mortality ratio (modeled estimate, per 100,000 live births)",74
2001,"Maternal mortality ratio (modeled estimate, per 100,000 live births)",72
2000,"Maternal mortality ratio (modeled estimate, per 100,000 live births)",72
1999,"Maternal mortality ratio (modeled estimate, per 100,000 live births)",75
1998,"Maternal mortality ratio (modeled estimate, per 100,000 live births)",79
1997,"Maternal mortality ratio (modeled estimate, per 100,000 live births)",85
1996,"Maternal mortality ratio (modeled estimate, per 100,000 live births)",91
1995,"Maternal mortality ratio (modeled estimate, per 100,000 live births)",92
1994,"Maternal mortality ratio (modeled estimate, per 100,000 live births)",88
1993,"Maternal mortality ratio (modeled estimate, per 100,000 live births)",78
1992,"Maternal mortality ratio (modeled estimate, per 100,000 live births)",74
1991,"Maternal mortality ratio (modeled estimate, per 100,000 live births)",71
1990,"Maternal mortality ratio (modeled estimate, per 100,000 live births)",72
1989,"Maternal mortality ratio (modeled estimate, per 100,000 live births)",71
1988,"Maternal mortality ratio (modeled estimate, per 100,000 live births)",73
1987,"Maternal mortality ratio (modeled estimate, per 100,000 live births)",74
1986,"Maternal mortality ratio (modeled estimate, per 100,000 live births)",76
1985,"Maternal mortality ratio (modeled estimate, per 100,000 live births)",81
2016,"Maternal mortality ratio (national estimate, per 100,000 live births)",30
2015,"Maternal mortality ratio (national estimate, per 100,000 live births)",39
2014,"Maternal mortality ratio (national estimate, per 100,000 live births)",50
2013,"Maternal mortality ratio (national estimate, per 100,000 live births)",35
2012,"Maternal mortality ratio (national estimate, per 100,000 live births)",46
2011,"Maternal mortality ratio (national estimate, per 100,000 live births)",52
2010,"Maternal mortality ratio (national estimate, per 100,000 live births)",51
2009,"Maternal mortality ratio (national estimate, per 100,000 live births)",62
2008,"Maternal mortality ratio (national estimate, per 100,000 live births)",54
2007,"Maternal mortality ratio (national estimate, per 100,000 live births)",52
2006,"Maternal mortality ratio (national estimate, per 100,000 live births)",58
2005,"Maternal mortality ratio (national estimate, per 100,000 live births)",60
2004,"Maternal mortality ratio (national estimate, per 100,000 live births)",52
2003,"Maternal mortality ratio (national estimate, per 100,000 live births)",50
2002,"Maternal mortality ratio (national estimate, per 100,000 live births)",51
2001,"Maternal mortality ratio (national estimate, per 100,000 live births)",39
2000,"Maternal mortality ratio (national estimate, per 100,000 live births)",39
1999,"Maternal mortality ratio (national estimate, per 100,000 live births)",41
1998,"Maternal mortality ratio (national estimate, per 100,000 live births)",31
1997,"Maternal mortality ratio (national estimate, per 100,000 live births)",56
1996,"Maternal mortality ratio (national estimate, per 100,000 live births)",23
1995,"Maternal mortality ratio (national estimate, per 100,000 live births)",42
1994,"Maternal mortality ratio (national estimate, per 100,000 live births)",37
1993,"Maternal mortality ratio (national estimate, per 100,000 live births)",40
1992,"Maternal mortality ratio (national estimate, per 100,000 live births)",48
1991,"Maternal mortality ratio (national estimate, per 100,000 live births)",53
1990,"Maternal mortality ratio (national estimate, per 100,000 live births)",59
1989,"Maternal mortality ratio (national estimate, per 100,000 live births)",40
1988,"Maternal mortality ratio (national estimate, per 100,000 live births)",52
1987,"Maternal mortality ratio (national estimate, per 100,000 live births)",53
1986,"Maternal mortality ratio (national estimate, per 100,000 live births)",55
1985,"Maternal mortality ratio (national estimate, per 100,000 live births)",42
2023,"Employers, female (% of female employment) (modeled ILO estimate)",0.335057587521152
2022,"Employers, female (% of female employment) (modeled ILO estimate)",0.341156151245894
2021,"Employers, female (% of female employment) (modeled ILO estimate)",0.338384009199445
2020,"Employers, female (% of female employment) (modeled ILO estimate)",0.35481973536002
2019,"Employers, female (% of female employment) (modeled ILO estimate)",0.342859615031023
2018,"Employers, female (% of female employment) (modeled ILO estimate)",0.748111761186212
2017,"Employers, female (% of female employment) (modeled ILO estimate)",1.24765892595635
2016,"Employers, female (% of female employment) (modeled ILO estimate)",2.39105943769029
2015,"Employers, female (% of female employment) (modeled ILO estimate)",2.53887089163247
2014,"Employers, female (% of female employment) (modeled ILO estimate)",1.35185735128924
2013,"Employers, female (% of female employment) (modeled ILO estimate)",1.32305909639165
2012,"Employers, female (% of female employment) (modeled ILO estimate)",1.05667428792173
2011,"Employers, female (% of female employment) (modeled ILO estimate)",0.956258390403144
2010,"Employers, female (% of female employment) (modeled ILO estimate)",1.02401910154892
2009,"Employers, female (% of female employment) (modeled ILO estimate)",0.926222099814442
2008,"Employers, female (% of female employment) (modeled ILO estimate)",0.863243940134612
2007,"Employers, female (% of female employment) (modeled ILO estimate)",0.841637108394665
2006,"Employers, female (% of female employment) (modeled ILO estimate)",0.824034260426004
2005,"Employers, female (% of female employment) (modeled ILO estimate)",0.803288314738696
2004,"Employers, female (% of female employment) (modeled ILO estimate)",0.784157409987689
2003,"Employers, female (% of female employment) (modeled ILO estimate)",0.771169511120167
2002,"Employers, female (% of female employment) (modeled ILO estimate)",0.758668718518677
2001,"Employers, female (% of female employment) (modeled ILO estimate)",0.745280883617763
2000,"Employers, female (% of female employment) (modeled ILO estimate)",0.73716897513505
1999,"Employers, female (% of female employment) (modeled ILO estimate)",0.730796712616457
1998,"Employers, female (% of female employment) (modeled ILO estimate)",0.726307065807879
1997,"Employers, female (% of female employment) (modeled ILO estimate)",0.726291184327694
1996,"Employers, female (% of female employment) (modeled ILO estimate)",0.731874806561436
1995,"Employers, female (% of female employment) (modeled ILO estimate)",0.737129321225121
1994,"Employers, female (% of female employment) (modeled ILO estimate)",0.741551899097551
1993,"Employers, female (% of female employment) (modeled ILO estimate)",0.744578004822326
1992,"Employers, female (% of female employment) (modeled ILO estimate)",0.751537915690742
1991,"Employers, female (% of female employment) (modeled ILO estimate)",0.758002549504349
2023,"Employers, male (% of male employment) (modeled ILO estimate)",2.18463372008822
2022,"Employers, male (% of male employment) (modeled ILO estimate)",2.21809255965099
2021,"Employers, male (% of male employment) (modeled ILO estimate)",2.27662731940762
2020,"Employers, male (% of male employment) (modeled ILO estimate)",2.51117091674212
2019,"Employers, male (% of male employment) (modeled ILO estimate)",2.54638381380975
2018,"Employers, male (% of male employment) (modeled ILO estimate)",2.93850744729532
2017,"Employers, male (% of male employment) (modeled ILO estimate)",3.3207799893268
2016,"Employers, male (% of male employment) (modeled ILO estimate)",4.61649720225419
2015,"Employers, male (% of male employment) (modeled ILO estimate)",4.53914187065412
2014,"Employers, male (% of male employment) (modeled ILO estimate)",4.42134918269814
2013,"Employers, male (% of male employment) (modeled ILO estimate)",4.64536125208968
2012,"Employers, male (% of male employment) (modeled ILO estimate)",3.76886577304569
2011,"Employers, male (% of male employment) (modeled ILO estimate)",2.50501015490093
2010,"Employers, male (% of male employment) (modeled ILO estimate)",2.53944118123936
2009,"Employers, male (% of male employment) (modeled ILO estimate)",2.39072998131851
2008,"Employers, male (% of male employment) (modeled ILO estimate)",2.32293480189352
2007,"Employers, male (% of male employment) (modeled ILO estimate)",2.28098269174578
2006,"Employers, male (% of male employment) (modeled ILO estimate)",2.26896711296021
2005,"Employers, male (% of male employment) (modeled ILO estimate)",2.25807022224712
2004,"Employers, male (% of male employment) (modeled ILO estimate)",2.25286959264363
2003,"Employers, male (% of male employment) (modeled ILO estimate)",2.24437421467464
2002,"Employers, male (% of male employment) (modeled ILO estimate)",2.23965143632592
2001,"Employers, male (% of male employment) (modeled ILO estimate)",2.2399707102604
2000,"Employers, male (% of male employment) (modeled ILO estimate)",2.23873769765605
1999,"Employers, male (% of male employment) (modeled ILO estimate)",2.22770943701176
1998,"Employers, male (% of male employment) (modeled ILO estimate)",2.21435119385127
1997,"Employers, male (% of male employment) (modeled ILO estimate)",2.20665895595618
1996,"Employers, male (% of male employment) (modeled ILO estimate)",2.19809585417173
1995,"Employers, male (% of male employment) (modeled ILO estimate)",2.1841128877614
1994,"Employers, male (% of male employment) (modeled ILO estimate)",2.17590774409988
1993,"Employers, male (% of male employment) (modeled ILO estimate)",2.16263513044495
1992,"Employers, male (% of male employment) (modeled ILO estimate)",2.14912556327329
1991,"Employers, male (% of male employment) (modeled ILO estimate)",2.12943117804374
2023,"Vulnerable employment, female (% of female employment) (modeled ILO estimate)",28.043453132074
2022,"Vulnerable employment, female (% of female employment) (modeled ILO estimate)",28.5031363030571
2021,"Vulnerable employment, female (% of female employment) (modeled ILO estimate)",29.3030236412217
2020,"Vulnerable employment, female (% of female employment) (modeled ILO estimate)",28.9729201991958
2019,"Vulnerable employment, female (% of female employment) (modeled ILO estimate)",28.5707332725247
2018,"Vulnerable employment, female (% of female employment) (modeled ILO estimate)",28.7052310535036
2017,"Vulnerable employment, female (% of female employment) (modeled ILO estimate)",28.7526908761219
2016,"Vulnerable employment, female (% of female employment) (modeled ILO estimate)",32.2675538498389
2015,"Vulnerable employment, female (% of female employment) (modeled ILO estimate)",34.7773669170321
2014,"Vulnerable employment, female (% of female employment) (modeled ILO estimate)",39.4175521956384
2013,"Vulnerable employment, female (% of female employment) (modeled ILO estimate)",39.9370042713224
2012,"Vulnerable employment, female (% of female employment) (modeled ILO estimate)",34.1108510800771
2011,"Vulnerable employment, female (% of female employment) (modeled ILO estimate)",34.847502404639
2010,"Vulnerable employment, female (% of female employment) (modeled ILO estimate)",34.0084477079683
2009,"Vulnerable employment, female (% of female employment) (modeled ILO estimate)",34.5261119328121
2008,"Vulnerable employment, female (% of female employment) (modeled ILO estimate)",34.5839955837296
2007,"Vulnerable employment, female (% of female employment) (modeled ILO estimate)",35.0499359728166
2006,"Vulnerable employment, female (% of female employment) (modeled ILO estimate)",35.2094294114845
2005,"Vulnerable employment, female (% of female employment) (modeled ILO estimate)",35.4188034188034
2004,"Vulnerable employment, female (% of female employment) (modeled ILO estimate)",35.656057201514
2003,"Vulnerable employment, female (% of female employment) (modeled ILO estimate)",35.9669739237513
2002,"Vulnerable employment, female (% of female employment) (modeled ILO estimate)",36.1771610347604
2001,"Vulnerable employment, female (% of female employment) (modeled ILO estimate)",36.2565750758227
2000,"Vulnerable employment, female (% of female employment) (modeled ILO estimate)",36.2946775650859
1999,"Vulnerable employment, female (% of female employment) (modeled ILO estimate)",36.4572905429951
1998,"Vulnerable employment, female (% of female employment) (modeled ILO estimate)",36.5403664365424
1997,"Vulnerable employment, female (% of female employment) (modeled ILO estimate)",36.4445796358277
1996,"Vulnerable employment, female (% of female employment) (modeled ILO estimate)",36.331244196843
1995,"Vulnerable employment, female (% of female employment) (modeled ILO estimate)",36.2405622517443
1994,"Vulnerable employment, female (% of female employment) (modeled ILO estimate)",35.9732969048138
1993,"Vulnerable employment, female (% of female employment) (modeled ILO estimate)",35.6952048343978
1992,"Vulnerable employment, female (% of female employment) (modeled ILO estimate)",35.4507573534511
1991,"Vulnerable employment, female (% of female employment) (modeled ILO estimate)",35.4241920125841
2023,"Wage and salaried workers, female (% of female employment) (modeled ILO estimate)",71.6215695529462
2022,"Wage and salaried workers, female (% of female employment) (modeled ILO estimate)",71.1556253789939
2021,"Wage and salaried workers, female (% of female employment) (modeled ILO estimate)",70.3585923495789
2020,"Wage and salaried workers, female (% of female employment) (modeled ILO estimate)",70.6723463123414
2019,"Wage and salaried workers, female (% of female employment) (modeled ILO estimate)",71.0863169811049
2018,"Wage and salaried workers, female (% of female employment) (modeled ILO estimate)",70.5465662515845
2017,"Wage and salaried workers, female (% of female employment) (modeled ILO estimate)",69.9995556568196
2016,"Wage and salaried workers, female (% of female employment) (modeled ILO estimate)",65.3413867124709
2015,"Wage and salaried workers, female (% of female employment) (modeled ILO estimate)",62.6836712705901
2014,"Wage and salaried workers, female (% of female employment) (modeled ILO estimate)",59.2305904530723
2013,"Wage and salaried workers, female (% of female employment) (modeled ILO estimate)",58.7400296286377
2012,"Wage and salaried workers, female (% of female employment) (modeled ILO estimate)",64.8324746320012
2011,"Wage and salaried workers, female (% of female employment) (modeled ILO estimate)",64.1961530943419
2010,"Wage and salaried workers, female (% of female employment) (modeled ILO estimate)",64.9674475486745
2009,"Wage and salaried workers, female (% of female employment) (modeled ILO estimate)",64.5476659673735
2008,"Wage and salaried workers, female (% of female employment) (modeled ILO estimate)",64.5527604761357
2007,"Wage and salaried workers, female (% of female employment) (modeled ILO estimate)",64.1084269187888
2006,"Wage and salaried workers, female (% of female employment) (modeled ILO estimate)",63.9666229317953
2005,"Wage and salaried workers, female (% of female employment) (modeled ILO estimate)",63.7779082664579
2004,"Wage and salaried workers, female (% of female employment) (modeled ILO estimate)",63.5597853884983
2003,"Wage and salaried workers, female (% of female employment) (modeled ILO estimate)",63.2618565651286
2002,"Wage and salaried workers, female (% of female employment) (modeled ILO estimate)",63.0642593027978
2001,"Wage and salaried workers, female (% of female employment) (modeled ILO estimate)",62.9981440405595
2000,"Wage and salaried workers, female (% of female employment) (modeled ILO estimate)",62.9681534597791
1999,"Wage and salaried workers, female (% of female employment) (modeled ILO estimate)",62.8119127443885
1998,"Wage and salaried workers, female (% of female employment) (modeled ILO estimate)",62.7334205666907
1997,"Wage and salaried workers, female (% of female employment) (modeled ILO estimate)",62.8292251358737
1996,"Wage and salaried workers, female (% of female employment) (modeled ILO estimate)",62.9367842773135
1995,"Wage and salaried workers, female (% of female employment) (modeled ILO estimate)",63.02240618954
1994,"Wage and salaried workers, female (% of female employment) (modeled ILO estimate)",63.2851511960887
1993,"Wage and salaried workers, female (% of female employment) (modeled ILO estimate)",63.5602171607799
1992,"Wage and salaried workers, female (% of female employment) (modeled ILO estimate)",63.7977047308581
1991,"Wage and salaried workers, female (% of female employment) (modeled ILO estimate)",63.8178054379116
2023,"Employment in industry, female (% of female employment) (modeled ILO estimate)",12.1514967618057
2022,"Employment in industry, female (% of female employment) (modeled ILO estimate)",11.9352066246083
2021,"Employment in industry, female (% of female employment) (modeled ILO estimate)",11.9872662089492
2020,"Employment in industry, female (% of female employment) (modeled ILO estimate)",11.7795149819485
2019,"Employment in industry, female (% of female employment) (modeled ILO estimate)",12.0026102035887
2018,"Employment in industry, female (% of female employment) (modeled ILO estimate)",11.6199661362806
2017,"Employment in industry, female (% of female employment) (modeled ILO estimate)",10.8848952626399
2016,"Employment in industry, female (% of female employment) (modeled ILO estimate)",11.7094881908767
2015,"Employment in industry, female (% of female employment) (modeled ILO estimate)",11.7490514693247
2014,"Employment in industry, female (% of female employment) (modeled ILO estimate)",11.9968347834427
2013,"Employment in industry, female (% of female employment) (modeled ILO estimate)",11.5572146104708
2012,"Employment in industry, female (% of female employment) (modeled ILO estimate)",10.7813658067675
2011,"Employment in industry, female (% of female employment) (modeled ILO estimate)",10.9334649103545
2010,"Employment in industry, female (% of female employment) (modeled ILO estimate)",10.9970076752189
2009,"Employment in industry, female (% of female employment) (modeled ILO estimate)",10.6262349119579
2008,"Employment in industry, female (% of female employment) (modeled ILO estimate)",10.3132901477327
2007,"Employment in industry, female (% of female employment) (modeled ILO estimate)",10.6949368401691
2006,"Employment in industry, female (% of female employment) (modeled ILO estimate)",10.8705837522788
2005,"Employment in industry, female (% of female employment) (modeled ILO estimate)",10.4180422348361
2004,"Employment in industry, female (% of female employment) (modeled ILO estimate)",11.0083636402118
2003,"Employment in industry, female (% of female employment) (modeled ILO estimate)",9.99738661682044
2002,"Employment in industry, female (% of female employment) (modeled ILO estimate)",7.56442316597915
2001,"Employment in industry, female (% of female employment) (modeled ILO estimate)",7.15150966456928
2000,"Employment in industry, female (% of female employment) (modeled ILO estimate)",7.34958107716749
1999,"Employment in industry, female (% of female employment) (modeled ILO estimate)",8.4916063754757
1998,"Employment in industry, female (% of female employment) (modeled ILO estimate)",10.3198441464128
1997,"Employment in industry, female (% of female employment) (modeled ILO estimate)",10.1467743421255
1996,"Employment in industry, female (% of female employment) (modeled ILO estimate)",10.9166086350975
1995,"Employment in industry, female (% of female employment) (modeled ILO estimate)",12.7914422609731
1994,"Employment in industry, female (% of female employment) (modeled ILO estimate)",15.1513265729121
1993,"Employment in industry, female (% of female employment) (modeled ILO estimate)",16.8666950414539
1992,"Employment in industry, female (% of female employment) (modeled ILO estimate)",17.6879778476116
1991,"Employment in industry, female (% of female employment) (modeled ILO estimate)",20.9890044340167
2023,"Employment in industry, male (% of male employment) (modeled ILO estimate)",33.5969578614815
2022,"Employment in industry, male (% of male employment) (modeled ILO estimate)",33.268056345537
2021,"Employment in industry, male (% of male employment) (modeled ILO estimate)",33.3866071058277
2020,"Employment in industry, male (% of male employment) (modeled ILO estimate)",32.2916712165676
2019,"Employment in industry, male (% of male employment) (modeled ILO estimate)",33.5742564617429
2018,"Employment in industry, male (% of male employment) (modeled ILO estimate)",30.0076696507409
2017,"Employment in industry, male (% of male employment) (modeled ILO estimate)",30.2237938486413
2016,"Employment in industry, male (% of male employment) (modeled ILO estimate)",30.7010194525816
2015,"Employment in industry, male (% of male employment) (modeled ILO estimate)",30.0966339957843
2014,"Employment in industry, male (% of male employment) (modeled ILO estimate)",30.2074020727791
2013,"Employment in industry, male (% of male employment) (modeled ILO estimate)",29.9046451567157
2012,"Employment in industry, male (% of male employment) (modeled ILO estimate)",30.1108970475108
2011,"Employment in industry, male (% of male employment) (modeled ILO estimate)",29.8198093920384
2010,"Employment in industry, male (% of male employment) (modeled ILO estimate)",30.0429462313728
2009,"Employment in industry, male (% of male employment) (modeled ILO estimate)",29.6039372152011
2008,"Employment in industry, male (% of male employment) (modeled ILO estimate)",28.9687209968905
2007,"Employment in industry, male (% of male employment) (modeled ILO estimate)",28.1456076222779
2006,"Employment in industry, male (% of male employment) (modeled ILO estimate)",26.550222711576
2005,"Employment in industry, male (% of male employment) (modeled ILO estimate)",23.6535380143251
2004,"Employment in industry, male (% of male employment) (modeled ILO estimate)",23.174368351688
2003,"Employment in industry, male (% of male employment) (modeled ILO estimate)",19.3330541065377
2002,"Employment in industry, male (% of male employment) (modeled ILO estimate)",15.8312699575578
2001,"Employment in industry, male (% of male employment) (modeled ILO estimate)",13.1319348113921
2000,"Employment in industry, male (% of male employment) (modeled ILO estimate)",13.2267451191875
1999,"Employment in industry, male (% of male employment) (modeled ILO estimate)",14.2533079742382
1998,"Employment in industry, male (% of male employment) (modeled ILO estimate)",15.467653154087
1997,"Employment in industry, male (% of male employment) (modeled ILO estimate)",16.5349633060395
1996,"Employment in industry, male (% of male employment) (modeled ILO estimate)",17.8454215488978
1995,"Employment in industry, male (% of male employment) (modeled ILO estimate)",20.2556898647662
1994,"Employment in industry, male (% of male employment) (modeled ILO estimate)",23.0879700484663
1993,"Employment in industry, male (% of male employment) (modeled ILO estimate)",25.2824998081961
1992,"Employment in industry, male (% of male employment) (modeled ILO estimate)",26.7410181245541
1991,"Employment in industry, male (% of male employment) (modeled ILO estimate)",31.3227623617776
2023,"Employment in services, female (% of female employment) (modeled ILO estimate)",55.5388856244722
2022,"Employment in services, female (% of female employment) (modeled ILO estimate)",54.9541591963439
2021,"Employment in services, female (% of female employment) (modeled ILO estimate)",53.8991950485338
2020,"Employment in services, female (% of female employment) (modeled ILO estimate)",56.0892896878035
2019,"Employment in services, female (% of female employment) (modeled ILO estimate)",56.4538545568603
2018,"Employment in services, female (% of female employment) (modeled ILO estimate)",55.1192050209966
2017,"Employment in services, female (% of female employment) (modeled ILO estimate)",55.5406285659722
2016,"Employment in services, female (% of female employment) (modeled ILO estimate)",53.4140492729099
2015,"Employment in services, female (% of female employment) (modeled ILO estimate)",52.2740642209592
2014,"Employment in services, female (% of female employment) (modeled ILO estimate)",50.9727138411821
2013,"Employment in services, female (% of female employment) (modeled ILO estimate)",51.2795833019471
2012,"Employment in services, female (% of female employment) (modeled ILO estimate)",53.0968498313292
2011,"Employment in services, female (% of female employment) (modeled ILO estimate)",52.4842482155728
2010,"Employment in services, female (% of female employment) (modeled ILO estimate)",51.738357424374
2009,"Employment in services, female (% of female employment) (modeled ILO estimate)",53.0909949806031
2008,"Employment in services, female (% of female employment) (modeled ILO estimate)",54.2998517670786
2007,"Employment in services, female (% of female employment) (modeled ILO estimate)",54.4057588724939
2006,"Employment in services, female (% of female employment) (modeled ILO estimate)",53.4002779978955
2005,"Employment in services, female (% of female employment) (modeled ILO estimate)",51.8844740218786
2004,"Employment in services, female (% of female employment) (modeled ILO estimate)",50.0322763846216
2003,"Employment in services, female (% of female employment) (modeled ILO estimate)",46.7778757181267
2002,"Employment in services, female (% of female employment) (modeled ILO estimate)",43.5127100832852
2001,"Employment in services, female (% of female employment) (modeled ILO estimate)",38.0176542483364
2000,"Employment in services, female (% of female employment) (modeled ILO estimate)",37.8146032360887
1999,"Employment in services, female (% of female employment) (modeled ILO estimate)",38.183157659269
1998,"Employment in services, female (% of female employment) (modeled ILO estimate)",40.6160017082938
1997,"Employment in services, female (% of female employment) (modeled ILO estimate)",41.0666856019897
1996,"Employment in services, female (% of female employment) (modeled ILO estimate)",41.553795264624
1995,"Employment in services, female (% of female employment) (modeled ILO estimate)",39.7813248188705
1994,"Employment in services, female (% of female employment) (modeled ILO estimate)",42.7128072276217
1993,"Employment in services, female (% of female employment) (modeled ILO estimate)",43.8436250906658
1992,"Employment in services, female (% of female employment) (modeled ILO estimate)",43.4800377743039
1991,"Employment in services, female (% of female employment) (modeled ILO estimate)",42.3872772221449
2023,"Employment in services, male (% of male employment) (modeled ILO estimate)",48.5774178572798
2022,"Employment in services, male (% of male employment) (modeled ILO estimate)",48.1952861441117
2021,"Employment in services, male (% of male employment) (modeled ILO estimate)",47.8051466190789
2020,"Employment in services, male (% of male employment) (modeled ILO estimate)",47.679363334184
2019,"Employment in services, male (% of male employment) (modeled ILO estimate)",47.3576431345127
2018,"Employment in services, male (% of male employment) (modeled ILO estimate)",46.2478006148611
2017,"Employment in services, male (% of male employment) (modeled ILO estimate)",45.8869195124142
2016,"Employment in services, male (% of male employment) (modeled ILO estimate)",43.8967150231785
2015,"Employment in services, male (% of male employment) (modeled ILO estimate)",43.5693688007153
2014,"Employment in services, male (% of male employment) (modeled ILO estimate)",42.5362570775802
2013,"Employment in services, male (% of male employment) (modeled ILO estimate)",41.5469220007472
2012,"Employment in services, male (% of male employment) (modeled ILO estimate)",39.5617898742622
2011,"Employment in services, male (% of male employment) (modeled ILO estimate)",39.0638648382013
2010,"Employment in services, male (% of male employment) (modeled ILO estimate)",37.586468122097
2009,"Employment in services, male (% of male employment) (modeled ILO estimate)",37.834003639034
2008,"Employment in services, male (% of male employment) (modeled ILO estimate)",38.1231184426024
2007,"Employment in services, male (% of male employment) (modeled ILO estimate)",37.7121278095118
2006,"Employment in services, male (% of male employment) (modeled ILO estimate)",36.7284427452457
2005,"Employment in services, male (% of male employment) (modeled ILO estimate)",37.1704140249916
2004,"Employment in services, male (% of male employment) (modeled ILO estimate)",37.966710096986
2003,"Employment in services, male (% of male employment) (modeled ILO estimate)",37.4143091040627
2002,"Employment in services, male (% of male employment) (modeled ILO estimate)",34.9202006806822
2001,"Employment in services, male (% of male employment) (modeled ILO estimate)",35.6114154235098
2000,"Employment in services, male (% of male employment) (modeled ILO estimate)",35.2531570398618
1999,"Employment in services, male (% of male employment) (modeled ILO estimate)",34.1844139518558
1998,"Employment in services, male (% of male employment) (modeled ILO estimate)",35.5893154952961
1997,"Employment in services, male (% of male employment) (modeled ILO estimate)",35.6336952941687
1996,"Employment in services, male (% of male employment) (modeled ILO estimate)",35.3534794464157
1995,"Employment in services, male (% of male employment) (modeled ILO estimate)",32.7698738439507
1994,"Employment in services, male (% of male employment) (modeled ILO estimate)",35.0645394079971
1993,"Employment in services, male (% of male employment) (modeled ILO estimate)",36.0191365534475
1992,"Employment in services, male (% of male employment) (modeled ILO estimate)",35.678903728786
1991,"Employment in services, male (% of male employment) (modeled ILO estimate)",34.142499478406
2023,"Mortality rate, adult, female (per 1,000 female adults)",95.94
2022,"Mortality rate, adult, female (per 1,000 female adults)",97.576
2021,"Mortality rate, adult, female (per 1,000 female adults)",122.786
2020,"Mortality rate, adult, female (per 1,000 female adults)",120.129
2019,"Mortality rate, adult, female (per 1,000 female adults)",103.03
2018,"Mortality rate, adult, female (per 1,000 female adults)",105.911
2017,"Mortality rate, adult, female (per 1,000 female adults)",101.196
2016,"Mortality rate, adult, female (per 1,000 female adults)",109.008
2015,"Mortality rate, adult, female (per 1,000 female adults)",115.737
2014,"Mortality rate, adult, female (per 1,000 female adults)",123.235
2013,"Mortality rate, adult, female (per 1,000 female adults)",126.766
2012,"Mortality rate, adult, female (per 1,000 female adults)",131.855
2011,"Mortality rate, adult, female (per 1,000 female adults)",135.108
2010,"Mortality rate, adult, female (per 1,000 female adults)",137.416
2009,"Mortality rate, adult, female (per 1,000 female adults)",141.559
2008,"Mortality rate, adult, female (per 1,000 female adults)",146.99
2007,"Mortality rate, adult, female (per 1,000 female adults)",153.421
2006,"Mortality rate, adult, female (per 1,000 female adults)",156.33
2005,"Mortality rate, adult, female (per 1,000 female adults)",157.857
2004,"Mortality rate, adult, female (per 1,000 female adults)",159.21
2003,"Mortality rate, adult, female (per 1,000 female adults)",159.809
2002,"Mortality rate, adult, female (per 1,000 female adults)",159.517
2001,"Mortality rate, adult, female (per 1,000 female adults)",157.236
2000,"Mortality rate, adult, female (per 1,000 female adults)",157.682
2023,"Life expectancy at birth, female (years)",76.5
2022,"Life expectancy at birth, female (years)",76.3
2021,"Life expectancy at birth, female (years)",76.1
2020,"Life expectancy at birth, female (years)",76
2019,"Life expectancy at birth, female (years)",75.8
2018,"Life expectancy at birth, female (years)",75.6
2017,"Life expectancy at birth, female (years)",75.4
2016,"Life expectancy at birth, female (years)",75.1
2015,"Life expectancy at birth, female (years)",74.8
2014,"Life expectancy at birth, female (years)",74.5
2013,"Life expectancy at birth, female (years)",74.3
2012,"Life expectancy at birth, female (years)",74.1
2011,"Life expectancy at birth, female (years)",73.7
2010,"Life expectancy at birth, female (years)",73.5
2009,"Life expectancy at birth, female (years)",73.2
2008,"Life expectancy at birth, female (years)",72.6
2007,"Life expectancy at birth, female (years)",72.3
2006,"Life expectancy at birth, female (years)",72.1
2005,"Life expectancy at birth, female (years)",71.9
2004,"Life expectancy at birth, female (years)",72.2
2003,"Life expectancy at birth, female (years)",72.2
2002,"Life expectancy at birth, female (years)",72.1
2001,"Life expectancy at birth, female (years)",72.6
2000,"Life expectancy at birth, female (years)",72.4
2023,"Fertility rate, total (births per woman)",2.7
2022,"Fertility rate, total (births per woman)",2.8
2021,"Fertility rate, total (births per woman)",2.89
2020,"Fertility rate, total (births per woman)",3.1
2019,"Fertility rate, total (births per woman)",3.3
2018,"Fertility rate, total (births per woman)",3.3
2017,"Fertility rate, total (births per woman)",3
2016,"Fertility rate, total (births per woman)",3.1
2015,"Fertility rate, total (births per woman)",3.2
2014,"Fertility rate, total (births per woman)",3.2
2013,"Fertility rate, total (births per woman)",3.1
2012,"Fertility rate, total (births per woman)",3.2
2011,"Fertility rate, total (births per woman)",3.1
2010,"Fertility rate, total (births per woman)",3.1
2009,"Fertility rate, total (births per woman)",2.9
2008,"Fertility rate, total (births per woman)",2.8
2007,"Fertility rate, total (births per woman)",2.7
2006,"Fertility rate, total (births per woman)",2.7
2005,"Fertility rate, total (births per woman)",2.5
2004,"Fertility rate, total (births per woman)",2.6
2003,"Fertility rate, total (births per woman)",2.5
2002,"Fertility rate, total (births per woman)",2.4
2001,"Fertility rate, total (births per woman)",2.4
2000,"Fertility rate, total (births per woman)",2.4
2022,"Survival to age 65, female (% of cohort)",83.671414
2021,"Survival to age 65, female (% of cohort)",80.020462
2020,"Survival to age 65, female (% of cohort)",79.533485
2019,"Survival to age 65, female (% of cohort)",82.858831
2018,"Survival to age 65, female (% of cohort)",82.508842
2017,"Survival to age 65, female (% of cohort)",82.794942
2016,"Survival to age 65, female (% of cohort)",81.755077
2015,"Survival to age 65, female (% of cohort)",80.691725
2014,"Survival to age 65, female (% of cohort)",79.685048
2013,"Survival to age 65, female (% of cohort)",78.964803
2012,"Survival to age 65, female (% of cohort)",78.194097
2011,"Survival to age 65, female (% of cohort)",77.652393
2010,"Survival to age 65, female (% of cohort)",77.202233
2009,"Survival to age 65, female (% of cohort)",76.631906
2008,"Survival to age 65, female (% of cohort)",75.659221
2007,"Survival to age 65, female (% of cohort)",74.385781
2006,"Survival to age 65, female (% of cohort)",73.669454
2005,"Survival to age 65, female (% of cohort)",73.310685
2004,"Survival to age 65, female (% of cohort)",73.087719
2003,"Survival to age 65, female (% of cohort)",73.010292
2002,"Survival to age 65, female (% of cohort)",73.208829
2001,"Survival to age 65, female (% of cohort)",73.592965
2000,"Survival to age 65, female (% of cohort)",73.345866
2019,"School life expectancy, primary to tertiary, female (years)",13.24043
2018,"School life expectancy, primary to tertiary, female (years)",13.21047
2017,"School life expectancy, primary to tertiary, female (years)",13.1654
2016,"School life expectancy, primary to tertiary, female (years)",13.27162
2015,"School life expectancy, primary to tertiary, female (years)",13.30728
2014,"School life expectancy, primary to tertiary, female (years)",13.31686
2013,"School life expectancy, primary to tertiary, female (years)",13.23384
2012,"School life expectancy, primary to tertiary, female (years)",12.90411
2011,"School life expectancy, primary to tertiary, female (years)",12.55824
2010,"School life expectancy, primary to tertiary, female (years)",12.67011
2009,"School life expectancy, primary to tertiary, female (years)",12.96415
2007,"School life expectancy, primary to tertiary, female (years)",13.05418
2006,"School life expectancy, primary to tertiary, female (years)",13.03322
2005,"School life expectancy, primary to tertiary, female (years)",12.87054
2004,"School life expectancy, primary to tertiary, female (years)",12.76624
2003,"School life expectancy, primary to tertiary, female (years)",12.82879
2002,"School life expectancy, primary to tertiary, female (years)",12.50167
2001,"School life expectancy, primary to tertiary, female (years)",12.29338
2000,"School life expectancy, primary to tertiary, female (years)",12.01105
2022,"Access to anti-retroviral drugs, female (%)",58
2021,"Access to anti-retroviral drugs, female (%)",54
2020,"Access to anti-retroviral drugs, female (%)",49
2019,"Access to anti-retroviral drugs, female (%)",46
2018,"Access to anti-retroviral drugs, female (%)",44
2017,"Access to anti-retroviral drugs, female (%)",42
2016,"Access to anti-retroviral drugs, female (%)",36
2015,"Access to anti-retroviral drugs, female (%)",30
2014,"Access to anti-retroviral drugs, female (%)",25
2013,"Access to anti-retroviral drugs, female (%)",18
2012,"Access to anti-retroviral drugs, female (%)",11
2011,"Access to anti-retroviral drugs, female (%)",9
2010,"Access to anti-retroviral drugs, female (%)",6
2009,"Access to anti-retroviral drugs, female (%)",4
2008,"Access to anti-retroviral drugs, female (%)",2
2007,"Access to anti-retroviral drugs, female (%)",1
2006,"Access to anti-retroviral drugs, female (%)",0
2005,"Access to anti-retroviral drugs, female (%)",0
2004,"Access to anti-retroviral drugs, female (%)",0
2003,"Access to anti-retroviral drugs, female (%)",0
2002,"Access to anti-retroviral drugs, female (%)",0
2001,"Access to anti-retroviral drugs, female (%)",0
2000,"Access to anti-retroviral drugs, female (%)",0
2015,"Prevalence of obesity, female (% of female population ages 18+)",18.1
2014,"Prevalence of obesity, female (% of female population ages 18+)",17.5
2013,"Prevalence of obesity, female (% of female population ages 18+)",17
2012,"Prevalence of obesity, female (% of female population ages 18+)",16.4
2011,"Prevalence of obesity, female (% of female population ages 18+)",15.9
2010,"Prevalence of obesity, female (% of female population ages 18+)",15.4
2009,"Prevalence of obesity, female (% of female population ages 18+)",14.9
2008,"Prevalence of obesity, female (% of female population ages 18+)",14.4
2007,"Prevalence of obesity, female (% of female population ages 18+)",14
2006,"Prevalence of obesity, female (% of female population ages 18+)",13.6
2005,"Prevalence of obesity, female (% of female population ages 18+)",13.1
2004,"Prevalence of obesity, female (% of female population ages 18+)",12.7
2003,"Prevalence of obesity, female (% of female population ages 18+)",12.3
2002,"Prevalence of obesity, female (% of female population ages 18+)",12
2001,"Prevalence of obesity, female (% of female population ages 18+)",11.6
2000,"Prevalence of obesity, female (% of female population ages 18+)",11.3
2024,"Labor force, female",1330032
2023,"Labor force, female",1306143
2022,"Labor force, female",1275605
2021,"Labor force, female",1241471
2020,"Labor force, female",1231730
2019,"Labor force, female",1179630
2018,"Labor force, female",1162650
2017,"Labor force, female",1114626
2016,"Labor force, female",1152412
2015,"Labor force, female",1147398
2014,"Labor force, female",1124473
2013,"Labor force, female",1108577
2012,"Labor force, female",1142032
2011,"Labor force, female",1189033
2010,"Labor force, female",1198960
2009,"Labor force, female",1179778
2008,"Labor force, female",1166916
2007,"Labor force, female",1169258
2006,"Labor force, female",1171325
2005,"Labor force, female",1160077
2004,"Labor force, female",1139679
2003,"Labor force, female",1129154
2002,"Labor force, female",1119701
2001,"Labor force, female",1099529
2000,"Labor force, female",1088278
2023,"Life expectancy at age 60, female (years)",19.4517
2022,"Life expectancy at age 60, female (years)",19.4099
2021,"Life expectancy at age 60, female (years)",18.094
2020,"Life expectancy at age 60, female (years)",17.3745
2019,"Life expectancy at age 60, female (years)",19.2483
2018,"Life expectancy at age 60, female (years)",19.2134
2017,"Life expectancy at age 60, female (years)",19.5198
2016,"Life expectancy at age 60, female (years)",18.9777
2015,"Life expectancy at age 60, female (years)",18.5729
2014,"Life expectancy at age 60, female (years)",18.4545
2013,"Life expectancy at age 60, female (years)",18.3019
2012,"Life expectancy at age 60, female (years)",18.1745
2011,"Life expectancy at age 60, female (years)",17.9726
2010,"Life expectancy at age 60, female (years)",17.9623
2009,"Life expectancy at age 60, female (years)",17.8362
2008,"Life expectancy at age 60, female (years)",17.668
2007,"Life expectancy at age 60, female (years)",17.41
2006,"Life expectancy at age 60, female (years)",17.3502
2005,"Life expectancy at age 60, female (years)",17.4419
2004,"Life expectancy at age 60, female (years)",17.4283
2003,"Life expectancy at age 60, female (years)",17.3859
2002,"Life expectancy at age 60, female (years)",17.4934
2001,"Life expectancy at age 60, female (years)",17.7132
2000,"Life expectancy at age 60, female (years)",17.7976
2017,Maternal leave benefits (% of wages paid in covered period),87
2015,Maternal leave benefits (% of wages paid in covered period),83
2013,Maternal leave benefits (% of wages paid in covered period),22
2011,Maternal leave benefits (% of wages paid in covered period),22
2009,Maternal leave benefits (% of wages paid in covered period),22